{
  "epoch 1": {
    "(masked - recovery)": [
      0.0002119999990100041,
      -0.06694500148296356,
      -0.07897000014781952,
      -0.09165400266647339,
      -0.06928099691867828,
      "...",
      0.5423610210418701,
      -0.12953700125217438,
      0.14674200117588043,
      0.10327199846506119,
      -0.05985900014638901
    ],
    "accuracy": 0.072,
    "client 0 (masked)": [
      -3.9784140586853027,
      2.0084569454193115,
      -2.0889439582824707,
      -3.5994179248809814,
      -3.6267170906066895,
      "...",
      -0.08032400161027908,
      1.1850420236587524,
      1.0900599956512451,
      4.767849922180176,
      0.2806690037250519
    ],
    "client 0 (unmasked)": [
      7.000000186963007e-05,
      -0.022314999252557755,
      -0.02632400020956993,
      -0.030544999986886978,
      -0.023082999512553215,
      "...",
      0.18376600742340088,
      -0.043848998844623566,
      0.04762300103902817,
      0.034040000289678574,
      -0.01748500019311905
    ],
    "client 1 (masked)": [
      0.49407801032066345,
      -0.7917640209197998,
      -0.4626440107822418,
      3.679413080215454,
      -0.05350499972701073,
      "...",
      1.9882609844207764,
      0.2575649917125702,
      -3.4136428833007812,
      3.499216079711914,
      1.3033839464187622
    ],
    "client 1 (unmasked)": [
      7.100000220816582e-05,
      -0.022314999252557755,
      -0.026321999728679657,
      -0.030551999807357788,
      -0.023111000657081604,
      "...",
      0.1779559999704361,
      -0.04670200124382973,
      0.05118599906563759,
      0.03117999993264675,
      -0.019208999350667
    ],
    "client 2 (masked)": [
      -0.5016409754753113,
      0.18583500385284424,
      -1.4510860443115234,
      -1.310228943824768,
      1.064702033996582,
      "...",
      0.2387930005788803,
      -4.377915859222412,
      0.7591009736061096,
      -0.9801669716835022,
      3.0648930072784424
    ],
    "client 2 (unmasked)": [
      7.100000220816582e-05,
      -0.022314999252557755,
      -0.026325000450015068,
      -0.030556999146938324,
      -0.023086000233888626,
      "...",
      0.18063899874687195,
      -0.0389849990606308,
      0.047933999449014664,
      0.03805200010538101,
      -0.023166000843048096
    ],
    "dropouts": [
      3,
      4
    ],
    "loss": 70.703647,
    "recovery sum (masked)": [
      -3.9861888885498047,
      1.469472050666809,
      -3.923703908920288,
      -1.1385799646377563,
      -2.5462400913238525,
      "...",
      1.604369044303894,
      -2.805772066116333,
      -1.7112239599227905,
      7.183626174926758,
      4.708804130554199
    ],
    "server global weights": [
      -1.3286590576171875,
      0.467509001493454,
      -1.334225058555603,
      -0.4100779891014099,
      -0.8718400001525879,
      "...",
      0.7155770063400269,
      -0.9784359931945801,
      -0.5214939713478088,
      2.4289660453796387,
      1.5496480464935303
    ],
    "sum (masked)": [
      -3.9859778881073,
      1.4025269746780396,
      -4.002674102783203,
      -1.2302340269088745,
      -2.61552095413208,
      "...",
      2.1467299461364746,
      -2.9353079795837402,
      -1.5644819736480713,
      7.286898136138916,
      4.6489458084106445
    ],
    "sum (unmasked)": [
      0.0002119999990100041,
      -0.06694500148296356,
      -0.0789709985256195,
      -0.09165400266647339,
      -0.06928099691867828,
      "...",
      0.5423610210418701,
      -0.12953700125217438,
      0.14674200117588043,
      0.10327199846506119,
      -0.05985900014638901
    ]
  }
}