{
  "epoch 1": {
    "accuracy": 0.6763,
    "client 0 (masked)": [
      0.34154799580574036,
      -0.7685289978981018,
      -0.5690360069274902,
      -0.07988700270652771,
      -1.2215139865875244,
      "...",
      3.1499719619750977,
      0.31697601079940796,
      0.12695899605751038,
      0.3271160125732422,
      -0.5498170256614685
    ],
    "client 0 (unmasked)": [
      0.026916999369859695,
      -0.008390000090003014,
      -0.02820100076496601,
      -0.03316999971866608,
      -0.007751000113785267,
      "...",
      0.263621985912323,
      0.06705600023269653,
      0.10746700316667557,
      -0.10394100099802017,
      0.028929999098181725
    ],
    "client 1 (masked)": [
      -0.5991320013999939,
      0.5897219777107239,
      0.6980509757995605,
      -2.2291440963745117,
      -0.12155599892139435,
      "...",
      0.04366600140929222,
      0.006570000201463699,
      -1.1206159591674805,
      -0.9503369927406311,
      -0.37422600388526917
    ],
    "client 1 (unmasked)": [
      0.026914000511169434,
      -0.00839100033044815,
      -0.028196999803185463,
      -0.033247001469135284,
      -0.007681999821215868,
      "...",
      0.26104798913002014,
      0.0768899992108345,
      0.10503499954938889,
      -0.09704100340604782,
      0.02753799967467785
    ],
    "client 2 (masked)": [
      0.3383300006389618,
      0.1536339968442917,
      -0.21361400187015533,
      2.209321975708008,
      1.3198000192642212,
      "...",
      -2.4078099727630615,
      -0.10991699993610382,
      1.309628963470459,
      0.3236269950866699,
      1.0128329992294312
    ],
    "client 2 (unmasked)": [
      0.02691500075161457,
      -0.008391999639570713,
      -0.02820100076496601,
      -0.033291999250650406,
      -0.00783700030297041,
      "...",
      0.26115700602531433,
      0.0696830004453659,
      0.10346999764442444,
      -0.09861200302839279,
      0.032322999089956284
    ],
    "loss": 0.886557,
    "server global weights": [
      0.02691500075161457,
      -0.00839100033044815,
      -0.028200000524520874,
      -0.033236000686883926,
      -0.007757000159472227,
      "...",
      0.2619419991970062,
      0.07120999693870544,
      0.10532400012016296,
      -0.09986499696969986,
      0.029596999287605286
    ],
    "sum (masked)": [
      0.08074499666690826,
      -0.025172999128699303,
      -0.08459900319576263,
      -0.09970799833536148,
      -0.023269999772310257,
      "...",
      0.7858269810676575,
      0.21362900733947754,
      0.3159720003604889,
      -0.2995940148830414,
      0.08879099786281586
    ],
    "sum (unmasked)": [
      0.08074499666690826,
      -0.025172999128699303,
      -0.08459900319576263,
      -0.09970799833536148,
      -0.023269999772310257,
      "...",
      0.7858269810676575,
      0.21362900733947754,
      0.3159720003604889,
      -0.2995940148830414,
      0.08878999948501587
    ]
  },
  "epoch 2": {
    "accuracy": 0.106,
    "client 0 (masked)": [
      0.2605310082435608,
      1.6135239601135254,
      -2.387305974960327,
      0.9592949748039246,
      1.1743240356445312,
      "...",
      1.8055490255355835,
      0.4484480023384094,
      0.005911999847739935,
      -2.7718679904937744,
      -1.3604270219802856
    ],
    "client 0 (unmasked)": [
      0.026916999369859695,
      -0.008391999639570713,
      -0.028217000886797905,
      -0.03308900073170662,
      -0.007654999848455191,
      "...",
      0.42556801438331604,
      0.09139200299978256,
      0.07845500111579895,
      -0.13856199383735657,
      -0.03760100156068802
    ],
    "client 2 (masked)": [
      -0.9415789842605591,
      -2.3173420429229736,
      0.02540300041437149,
      1.5453449487686157,
      0.03574100136756897,
      "...",
      1.602249026298523,
      -0.8528079986572266,
      -0.9528970122337341,
      -1.9702500104904175,
      0.16233499348163605
    ],
    "client 2 (unmasked)": [
      0.02691500075161457,
      -0.00839100033044815,
      -0.028209000825881958,
      -0.033264998346567154,
      -0.007794000208377838,
      "...",
      0.4237520098686218,
      0.09153600037097931,
      0.0797870010137558,
      -0.13737399876117706,
      -0.03613600134849548
    ],
    "loss": 82.200903,
    "server global weights": [
      -0.34052398800849915,
      -0.35190901160240173,
      -1.1809519529342651,
      1.2523200511932373,
      0.6050329804420471,
      "...",
      1.7038990259170532,
      -0.20217999815940857,
      -0.47349199652671814,
      -2.371058940887451,
      -0.599045991897583
    ],
    "sum (masked)": [
      -0.6810470223426819,
      -0.7038170099258423,
      -2.361902952194214,
      2.5046401023864746,
      1.2100650072097778,
      "...",
      3.4077980518341064,
      -0.40435999631881714,
      -0.9469850063323975,
      -4.742117881774902,
      -1.198091983795166
    ],
    "sum (unmasked)": [
      0.05383199825882912,
      -0.01678300090134144,
      -0.0564269982278347,
      -0.06635399907827377,
      -0.015449999831616879,
      "...",
      0.8493199944496155,
      0.18292799592018127,
      0.15824200212955475,
      -0.2759360074996948,
      -0.0737370029091835
    ]
  }
}